dbn,school_name,school_type,n_test_takers,reading,math,writing,parent_response_rate,teacher_response_rate,student_response_rate,academic_expectations,communication,engagement,safety_and_respect,SAT_score,total_satisfaction
01M292,HENRY STREET SCHOOL FOR INTERNATIONAL STUDIES,MS/HS,29,355,404,363,48,94,74,8.1,8.3,7.9,7.9,1122,8.049999999999999
01M448,UNIVERSITY NEIGHBORHOOD HIGH SCHOOL,HS,91,383,423,366,26,86,79,8.1,7.7,7.3,8,1172,7.775
01M450,EAST SIDE COMMUNITY SCHOOL,MS/HS,70,377,402,370,33,92,75,8.7,8.8,8.5,8.6,1149,8.65
01M458,FORSYTH SATELLITE ACADEMY,HST,7,414,401,359,20,92,70,8,7.8,7.6,7.9,1174,7.824999999999999
01M509,MARTA VALLE HIGH SCHOOL,HS,44,390,433,384,10,75,46,6.9,6.3,6.4,6.8,1207,6.6000000000000005
01M515,LOWER EAST SIDE PREPARATORY HIGH SCHOOL,HST,112,332,557,316,64,100,96,8.5,8.3,8.2,8.6,1205,8.4
01M539,"NEW EXPLORATIONS INTO SCIENCE, TECHNOLOGY AND MATH HIGH SCHOOL",ES/MS/HS,159,522,574,525,46,57,96,7.9,6.7,6.8,8,1621,7.3500000000000005
01M650,CASCADES HIGH SCHOOL,HST,18,417,418,411,30,100,87,8.8,8.8,8.4,8.6,1246,8.65
01M696,BARD HIGH SCHOOL EARLY COLLEGE,HS,130,624,604,628,50,57,91,8.3,8.3,8.2,8.5,1856,8.325
02M047,47 THE AMERICAN SIGN LANGUAGE AND ENGLISH SECONDARY SCHOOL,HS,16,395,400,387,40,90,95,8,7.8,7.4,8.3,1182,7.875000000000001
02M288,FOOD AND FINANCE HIGH SCHOOL,HS,62,409,393,392,27,97,79,8,7.8,7.5,7.5,1194,7.7
02M294,ESSEX STREET ACADEMY,HS,53,394,384,378,15,93,74,8.4,8.7,8.3,8.4,1156,8.450000000000001
02M296,HIGH SCHOOL OF HOSPITALITY MANAGEMENT,HS,58,374,375,362,37,100,72,8.2,8.2,7.7,8,1111,8.024999999999999
02M298,PACE HIGH SCHOOL,HS,85,423,438,432,83,100,100,7.8,7.7,7.4,7.4,1293,7.574999999999999
02M300,"URBAN ASSEMBLY SCHOOL OF DESIGN AND CONSTRUCTION, THE",HS,48,404,449,416,21,96,79,7.9,7.7,7.3,7.6,1269,7.625
02M303,"FACING HISTORY SCHOOL, THE",HS,76,353,358,340,49,89,81,8.2,8.3,7.8,7.7,1051,8
02M305,"URBAN ASSEMBLY ACADEMY OF GOVERNMENT AND LAW, THE",HS,50,375,388,385,13,100,92,7.7,7.3,6.9,7.4,1148,7.324999999999999
02M308,LOWER MANHATTAN ARTS ACADEMY,HS,40,403,392,405,16,91,70,8.1,8.2,7.7,7.9,1200,7.975
02M313,"JAMES BALDWIN SCHOOL, THE: A SCHOOL FOR EXPEDITIONARY LEARNING",HST,69,408,390,390,35,100,82,8.3,8.3,7.8,7.8,1188,8.05
02M316,"URBAN ASSEMBLY SCHOOL OF BUSINESS FOR YOUNG WOMEN, THE",HS,42,373,370,384,62,72,80,7.7,7.6,7.1,7.4,1127,7.449999999999999
02M374,GRAMERCY ARTS HIGH SCHOOL,HS,60,391,391,394,70,82,95,7.8,7.5,7.4,7.5,1176,7.550000000000001
02M376,NYC ISCHOOL,HS,92,473,483,479,41,100,70,8.1,8.3,7.9,8.5,1435,8.2
02M394,EMMA LAZARUS HIGH SCHOOL,HST,79,319,512,357,95,100,96,8.6,8.2,7.9,9.1,1188,8.45
02M400,HIGH SCHOOL FOR ENVIRONMENTAL STUDIES,HS,263,465,493,461,10,99,74,8.1,7.7,7.5,7.6,1419,7.725
02M407,INSTITUTE FOR COLLABORATIVE EDUCATION,MS/HS,54,492,465,467,26,88,89,8.7,8.9,8.7,8.6,1424,8.725
02M408,PROFESSIONAL PERFORMING ARTS HIGH SCHOOL,MS/HS,94,509,490,523,32,96,88,7.8,7.7,7.6,7.8,1522,7.7250000000000005
02M411,BARUCH COLLEGE CAMPUS HIGH SCHOOL,HS,104,496,563,518,25,36,94,8,7.1,6.9,8.1,1577,7.525
02M412,N.Y.C. LAB SCHOOL FOR COLLABORATIVE STUDIES,HS,114,537,590,550,33,68,91,8.4,8.3,8.1,8.3,1677,8.275000000000002
02M413,SCHOOL OF THE FUTURE HIGH SCHOOL,MS/HS,66,517,533,515,65,63,94,8,7.6,7.4,7.9,1565,7.725
02M414,N.Y.C. MUSEUM SCHOOL,HS,103,468,492,459,19,52,99,7.2,6.4,6.3,7.8,1419,6.925000000000001
02M416,ELEANOR ROOSEVELT HIGH SCHOOL,HS,127,572,594,592,53,93,97,8.6,8.1,8,8.6,1758,8.325
02M418,MILLENNIUM HIGH SCHOOL,HS,144,528,553,533,37,100,98,8.4,8.1,7.9,8.7,1614,8.274999999999999
02M419,LANDMARK HIGH SCHOOL,HS,62,390,399,381,46,100,69,7.8,7.7,7.2,7.5,1170,7.55
02M420,HIGH SCHOOL FOR HEALTH PROFESSIONS AND HUMAN SERVICES,HS,336,429,449,428,42,99,91,8,7.8,7.4,7.8,1306,7.750000000000001
02M425,LEADERSHIP AND PUBLIC SERVICE HIGH SCHOOL,HS,84,416,426,391,12,68,50,7.9,7.6,7.4,7.7,1233,7.6499999999999995
02M429,LEGACY SCHOOL FOR INTEGRATED STUDIES,HS,29,356,357,349,5,73,57,7.6,7.5,6.6,6.7,1062,7.1
02M439,MANHATTAN VILLAGE ACADEMY,HS,95,441,473,458,53,78,99,8.1,7.1,6.9,8.5,1372,7.65
02M449,VANGUARD HIGH SCHOOL,HS,72,395,416,388,34,94,84,8.3,8.3,7.9,8,1199,8.125
02M459,MANHATTAN INTERNATIONAL HIGH SCHOOL,HS,49,376,460,391,70,90,93,8.3,8.3,7.9,8.5,1227,8.25
02M460,WASHINGTON IRVING HIGH SCHOOL,HS,151,373,387,360,14,62,74,7.4,7.5,7,6.8,1120,7.175
02M475,STUYVESANT HIGH SCHOOL,HS,832,679,735,682,49,94,96,8.1,7.3,7.5,8.1,2096,7.75
02M489,HIGH SCHOOL OF ECONOMICS AND FINANCE,HS,167,443,489,442,42,96,89,8.1,8.1,7.6,8.2,1374,7.999999999999999
02M500,UNITY CENTER FOR URBAN TECHNOLOGIES,HS,25,370,349,351,65,100,67,7.7,8,7.4,7.7,1070,7.7
02M519,TALENT UNLIMITED HIGH SCHOOL,HS,81,469,472,475,49,96,94,8.1,7.6,7.6,8,1416,7.824999999999999
02M520,MURRY BERGTRAUM HIGH SCHOOL FOR BUSINESS CAREERS,HS,264,407,440,393,9,95,49,6.5,5.9,5.9,6.1,1240,6.1
02M529,JACQUELINE KENNEDY ONASSIS HIGH SCHOOL,HS,131,414,425,400,13,58,77,8,7.9,7.4,8,1239,7.825
02M531,REPERTORY COMPANY HIGH SCHOOL FOR THEATRE ARTS,HS,42,429,404,420,48,92,85,8.2,8.1,7.5,7.9,1253,7.924999999999999
02M542,MANHATTAN BRIDGES HIGH SCHOOL,HS,66,336,378,344,52,95,77,8.7,8.6,8.2,8.6,1058,8.524999999999999
02M543,NEW DESIGN HIGH SCHOOL,HS,73,391,395,382,3,88,31,7.7,7.4,7.2,7.7,1168,7.5
02M544,INDEPENDENCE HIGH SCHOOL,HST,14,389,371,335,19,91,31,9.1,8.8,8.8,9,1095,8.925
02M545,HIGH SCHOOL FOR DUAL LANGUAGE AND ASIAN STUDIES,HS,78,412,581,431,47,54,93,7.8,7.5,7.1,8.3,1424,7.675
02M550,LIBERTY HIGH SCHOOL ACADEMY FOR NEWCOMERS,HST,26,368,436,352,59,79,93,8.1,7.6,7.4,8,1156,7.775
02M551,THE URBAN ASSEMBLY NEW YORK HARBOR SCHOOL,HS,77,405,423,384,20,89,87,7.7,7.6,7.4,7.9,1212,7.65
02M560,HIGH SCHOOL M560 s CITY AS SCHOOL,HST,56,498,440,477,17,92,56,8.7,8.4,8.5,8.8,1415,8.600000000000001
02M565,URBAN ACADEMY LABORATORY HIGH SCHOOL,HST,30,527,508,512,18,100,68,8.9,9.1,8.9,9,1547,8.975
02M570,SATELLITE ACADEMY HIGH SCHOOL,HST,33,350,337,345,14,100,75,9,9.3,9,9.2,1032,9.125
02M575,MANHATTAN COMPREHENSIVE NIGHT AND DAY HIGH SCHOOL,HST,121,345,517,343,19,86,78,8.7,8.5,8.4,8.8,1205,8.600000000000001
02M580,RICHARD R. GREEN HIGH SCHOOL OF TEACHING,HS,84,408,384,403,26,95,76,7.7,7.4,7.1,7.5,1195,7.425000000000001
02M586,HARVEY MILK HIGH SCHOOL,HST,9,458,416,429,32,100,92,8.3,8.6,7.6,8,1303,8.125
02M600,THE HIGH SCHOOL OF FASHION INDUSTRIES,HS,335,423,423,411,27,76,92,8.2,8,7.8,7.9,1257,7.975
02M605,HUMANITIES PREPARATORY ACADEMY,HST,36,426,403,426,42,100,81,8.4,8.5,8.1,8.2,1255,8.3
02M615,CHELSEA CAREER AND TECHNICAL EDUCATION HIGH SCHOOL,HS,83,399,418,390,29,82,95,8.2,8,7.4,8.1,1207,7.925000000000001
02M620,NORMAN THOMAS HIGH SCHOOL,HS,154,370,379,359,20,100,64,7,6.9,6.8,7.3,1108,7
02M625,HIGH SCHOOL OF GRAPHIC COMMUNICATION ARTS,HS,191,395,382,376,10,68,54,6.3,5.8,5.5,5.9,1153,5.875
02M630,ART AND DESIGN HIGH SCHOOL,HS,270,444,441,430,22,41,54,7.4,6.8,6.8,7.6,1315,7.15
02M655,LIFE SCIENCES SECONDARY SCHOOL,MS/HS,61,409,424,403,15,62,48,7.7,7.7,7.1,7.1,1236,7.4
03M283,MANHATTAN THEATRE LAB HIGH SCHOOL,HS,27,406,379,408,8,71,53,6.6,6.6,5.9,6.4,1193,6.375
03M299,"HIGH SCHOOL FOR ARTS, IMAGINATION AND INQUIRY",HS,49,374,384,374,24,100,77,7.7,7.7,7.3,7.5,1132,7.55
03M307,"URBAN ASSEMBLY SCHOOL FOR MEDIA STUDIES, THE",HS,41,384,390,370,23,96,90,8.2,8.1,7.7,7.8,1144,7.949999999999999
03M404,INNOVATION DIPLOMA PLUS,HST,12,416,403,381,49,100,47,8.6,8.7,8.3,8.5,1200,8.524999999999999
03M415,WADLEIGH SECONDARY SCHOOL FOR THE PERFORMING & VISUAL ARTS,MS/HS,32,371,368,370,45,85,60,7.5,7.1,7,7.2,1109,7.2
03M479,BEACON HIGH SCHOOL,HS,261,577,575,592,34,84,83,8.4,7.8,8,8.3,1744,8.125
03M485,FIORELLO H. LAGUARDIA HIGH SCHOOL OF MUSIC & ART AND PERFORMING ARTS,HS,531,566,564,577,36,50,89,7.7,7.1,7.4,8,1707,7.550000000000001
03M492,"HIGH SCHOOL FOR LAW, ADVOCACY AND COMMUNITY JUSTICE",HS,66,396,398,402,68,93,79,7.8,7.8,7.4,7.4,1196,7.6
03M494,HIGH SCHOOL OF ARTS AND TECHNOLOGY,HS,75,433,433,411,31,68,69,7.4,7.3,7.1,7.3,1277,7.2749999999999995
03M505,EDWARD A. REYNOLDS WEST SIDE HIGH SCHOOL,HST,35,401,369,351,12,93,46,8.3,7.8,8,8.3,1121,8.100000000000001
03M541,MANHATTAN / HUNTER SCIENCE HIGH SCHOOL,HS,111,473,506,467,30,93,87,8.6,8.5,8.2,8.7,1446,8.5
03M860,FREDERICK DOUGLASS ACADEMY II SECONDARY SCHOOL,MS/HS,43,356,379,361,20,86,80,7.4,7.7,6.9,7.1,1096,7.275
04M409,COALITION SCHOOL FOR SOCIAL CHANGE,HS,48,354,357,373,16,93,73,7.9,7.9,7.5,7.9,1084,7.800000000000001
04M435,MANHATTAN CENTER FOR SCIENCE AND MATHEMATICS,HS,375,461,514,455,43,91,90,7.9,7.4,7.4,7.7,1430,7.6000000000000005
04M495,PARK EAST HIGH SCHOOL,HS,51,373,379,376,81,100,90,8.3,8,7.7,8.3,1128,8.075
04M555,CENTRAL PARK EAST HIGH SCHOOL,HS,73,405,421,395,20,100,92,8.5,8.3,7.9,8.4,1221,8.275
04M610,YOUNG WOMEN'S LEADERSHIP SCHOOL,MS/HS,70,432,446,448,63,100,93,8.8,8.6,8.2,8.7,1326,8.575
04M635,ACADEMY OF ENVIRONMENTAL SCIENCE SECONDARY HIGH SCHOOL,HS,48,369,369,357,87,100,94,8,8.1,7.4,7.9,1095,7.85
04M680,"HERITAGE SCHOOL, THE",HS,31,358,351,345,68,100,91,7.3,7.2,6.6,7,1054,7.025
05M285,HARLEM RENAISSANCE HIGH SCHOOL,HST,29,357,318,333,21,100,69,8.5,8.4,8,8.2,1008,8.274999999999999
05M304,MOTT HALL HIGH SCHOOL,HS,54,413,399,398,82,100,97,7.7,7.5,7.2,7.3,1210,7.425
05M367,ACADEMY FOR SOCIAL ACTION: A COLLEGE BOARD SCHOOL,MS/HS,33,354,366,342,18,63,50,7,6.6,6.3,6.1,1062,6.5
05M369,URBAN ASSEMBLY SCHOOL FOR THE PERFORMING ARTS,HS,56,360,353,364,15,72,52,7.6,7.5,6.9,7.4,1077,7.35
05M469,CHOIR ACADEMY OF HARLEM,MS/HS,20,354,360,385,27,96,81,6.9,7.1,6.5,6.2,1099,6.675
05M499,FREDERICK DOUGLASS ACADEMY,MS/HS,214,458,474,442,8,52,77,7.9,7.8,7.5,7.3,1374,7.625
05M670,THURGOOD MARSHALL ACADEMY FOR LEARNING AND SOCIAL CHANGE,MS/HS,66,396,402,404,33,71,70,7.9,7.8,7.6,7.6,1202,7.725
05M685,BREAD & ROSES INTEGRATED ARTS HIGH SCHOOL,HS,61,369,361,355,27,89,79,7.4,7.4,7.1,7,1085,7.225
05M692,"HIGH SCHOOL FOR MATHEMATICS, SCIENCE AND ENGINEERING AT CITY COLLEGE",HS,101,605,654,588,36,91,84,8.8,8.5,8.1,8.8,1847,8.55
06M293,CITY COLLEGE ACADEMY OF THE ARTS,MS/HS,60,408,446,416,44,66,90,8.7,8.6,8.2,8.6,1270,8.524999999999999
06M346,COMMUNITY HEALTH ACADEMY OF THE HEIGHTS,MS/HS,55,362,376,367,68,91,88,8.7,8.6,8.2,8.7,1105,8.549999999999999
06M348,WASHINGTON HEIGHTS EXPEDITIONARY LEARNING SCHOOL,MS/HS,70,380,395,399,49,83,90,8.6,8.5,7.9,8.6,1174,8.4
06M457,GEORGE WASHINGTON YABC,YABC,7,394,357,346,23,50,78,9.1,9,8.8,8.6,1097,8.875
06M462,HIGH SCHOOL FOR INTERNATIONAL BUSINESS AND FINANCE,HS,76,365,384,378,52,97,78,8.1,8.2,7.8,7.9,1127,8
06M463,HIGH SCHOOL FOR MEDIA AND COMMUNICATIONS,HS,63,369,380,349,45,83,72,7.8,7.7,7.5,7.7,1098,7.675
06M467,HIGH SCHOOL FOR LAW AND PUBLIC SERVICE,HS,94,363,378,361,41,86,72,8.2,8.2,7.8,7.7,1102,7.975
06M468,HIGH SCHOOL FOR HEALTH CAREERS AND SCIENCES,HS,24,400,422,402,42,100,84,7.8,7.9,7.5,7.4,1224,7.65
06M540,A. PHILIP RANDOLPH CAMPUS HIGH SCHOOL,HS,228,430,456,423,15,94,25,8.6,8.6,8.3,8.2,1309,8.425
06M552,GREGORIO LUPERON HIGH SCHOOL FOR SCIENCE AND MATHEMATICS,HS,56,339,349,326,51,74,94,8.5,8.4,8.3,8.7,1014,8.475
07X221,SOUTH BRONX PREPARATORY: A COLLEGE BOARD SCHOOL,MS/HS,65,364,378,348,69,80,97,8,7.7,7.4,7.5,1090,7.65
07X321,CROTONA ACADEMY HIGH SCHOOL,HST,9,379,364,382,50,91,82,9.2,9.1,9,9,1125,9.075
07X334,INTERNATIONAL COMMUNITY HIGH SCHOOL,HS,34,310,324,311,46,96,88,7.9,7.8,7.6,8,945,7.824999999999999
07X427,COMMUNITY SCHOOL FOR SOCIAL JUSTICE,HS,43,361,359,357,46,100,93,8.7,8.8,8.4,8.6,1077,8.625
07X473,MOTT HAVEN VILLAGE PREPARATORY HIGH SCHOOL,HS,63,351,375,371,31,100,84,7.9,7.3,7.4,7.8,1097,7.6000000000000005
07X495,UNIVERSITY HEIGHTS SECONDARY SCHOOL,HS,79,403,394,404,63,90,84,8.4,8.2,8.2,8.6,1201,8.35
07X500,HOSTOSsLINCOLN ACADEMY OF SCIENCE,MS/HS,66,420,426,411,14,69,88,7.4,7.2,6.9,7.5,1257,7.25
07X520,FOREIGN LANGUAGE ACADEMY OF GLOBAL STUDIES,HS,64,399,396,391,33,90,89,7.8,7.9,7.1,7.5,1186,7.574999999999999
07X527,BRONX LEADERSHIP ACADEMY II HIGH SCHOOL,HS,62,362,378,363,26,69,60,8,7.8,7.4,7.7,1103,7.7250000000000005
07X547,NEW EXPLORERS HIGH SCHOOL,HS,28,367,356,361,23,81,57,8.2,8.2,7.8,7.6,1084,7.949999999999999
07X548,URBAN ASSEMBLY SCHOOL FOR CAREERS IN SPORTS,HS,44,387,411,383,24,100,77,8.4,8.6,8.1,8.1,1181,8.3
07X551,BRONX ACADEMY OF LETTERS,MS/HS,51,413,381,407,39,96,87,7.4,7.6,6.7,6.9,1201,7.15
07X600,ALFRED E. SMITH CAREER AND TECHNICAL EDUCATION HIGH SCHOOL,HS,76,394,400,364,42,72,87,7.6,7.6,7.2,7.4,1158,7.449999999999999
07X655,SAMUEL GOMPERS CAREER AND TECHNICAL EDUCATION HIGH SCHOOL,HS,47,398,416,370,15,71,54,6.8,6.7,6.5,6.8,1184,6.7
07X670,HEALTH OPPORTUNITIES HIGH SCHOOL,HS,114,363,368,364,84,100,72,7.9,8,7.7,7.4,1095,7.75
08X282,WOMEN'S ACADEMY OF EXCELLENCE,HS,44,407,386,378,13,68,87,6.3,6.2,5.6,5.8,1171,5.9750000000000005
08X293,RENAISSANCE HIGH SCHOOL FOR MUSICAL THEATER & TECHNOLOGY,HS,52,384,385,389,21,88,86,8.5,8.3,8,7.9,1158,8.175
08X295,GATEWAY SCHOOL FOR ENVIRONMENTAL RESEARCH AND TECHNOLOGY,HS,41,416,390,394,30,73,67,7.3,7.1,6.7,7.2,1200,7.074999999999999
08X305,PABLO NERUDA ACADEMY FOR ARCHITECTURE AND WORLD STUDIES,HS,67,337,361,340,44,97,86,7.9,8,7.6,7.5,1038,7.75
08X312,MILLENNIUM ART ACADEMY,HS,67,387,402,375,21,85,71,8,8,7.5,7.6,1164,7.775
08X332,HOLCOMBE L. RUCKER SCHOOL OF COMMUNITY RESEARCH,HS,39,363,371,350,78,92,74,7.5,7.4,7.1,7.4,1084,7.35
08X377,BRONX COMMUNITY HIGH SCHOOL,HST,9,367,369,376,15,76,54,8.9,8.6,8.3,8.6,1112,8.6
08X405,HERBERT H. LEHMAN HIGH SCHOOL,HS,415,412,436,393,12,74,71,7.3,7.1,6.9,6.5,1241,6.949999999999999
08X408,HERBERT H. LEHMAN YABC,YABC,6,402,373,413,90,100,79,8.7,8.7,8.4,8.1,1188,8.475
08X452,BRONX GUILD,HS,39,369,371,365,35,100,91,7.9,8.1,7.6,7.7,1105,7.825
08X519,"FELISA RINCON DE GAUTIER INSTITUTE FOR LAW AND PUBLIC POLICY, THE",HS,68,373,370,356,28,92,67,8,8,7.5,7.8,1099,7.825
08X530,BANANA KELLY HIGH SCHOOL,HS,54,373,381,377,60,65,82,7.6,7.4,7.3,7.1,1131,7.35
08X540,SCHOOL FOR COMMUNITY RESEARCH AND LEARNING,HS,16,366,400,368,23,86,64,7.4,7.4,6.7,7.2,1134,7.175
08X560,HIGH SCHOOL X560 s BRONX ACADEMY HIGH SCHOOL,HST,9,404,368,399,13,100,92,9.3,9.4,9.2,9.4,1171,9.325000000000001
08X650,JANE ADDAMS HIGH SCHOOL FOR ACADEMIC CAREERS,HS,78,377,359,376,6,58,60,8.1,8.1,7.6,7.6,1112,7.85
09X227,BRONX EXPEDITIONARY LEARNING HIGH SCHOOL,HS,39,324,376,349,42,97,80,9,8.9,8.6,8.5,1049,8.75
09X231,EAGLE ACADEMY FOR YOUNG MEN,MS/HS,78,373,387,374,37,69,90,8,8,7.7,7.5,1134,7.8
09X239,"URBAN ASSEMBLY ACADEMY FOR HISTORY AND CITIZENSHIP FOR YOUNG MEN, THE",HS,33,372,355,357,25,67,72,8.5,8.6,8.2,8,1084,8.325
09X241,"URBAN ASSEMBLY SCHOOL FOR APPLIED MATH AND SCIENCE, THE",MS/HS,80,411,464,415,58,98,75,7.9,7.9,7.5,7.8,1290,7.775
09X250,EXIMIUS COLLEGE PREPARATORY ACADEMY: A COLLEGE BOARD SCHOOL,HS,50,393,394,382,57,100,92,8.4,8.2,7.8,8.1,1169,8.125
09X252,MOTT HALL BRONX HIGH SCHOOL,HS,67,369,367,356,13,87,71,8,8,7.4,7.8,1092,7.8
09X260,BRONX CENTER FOR SCIENCE AND MATHEMATICS,HS,81,459,480,457,61,84,97,8.7,8.4,7.9,8.4,1396,8.35
09X263,VALIDUS PREPARATORY ACADEMY: AN EXPEDITIONARY LEARNING SCHOOL,HS,74,356,363,356,26,50,61,7.9,7.6,7.7,7.7,1075,7.725
09X276,LEADERSHIP INSTITUTE,HS,30,361,353,367,58,73,61,8.3,8.1,7.9,7.7,1081,7.999999999999999
09X297,MORRIS ACADEMY FOR COLLABORATIVE STUDIES,HS,38,386,386,376,28,83,91,7.8,8,7.4,7.7,1148,7.7250000000000005
09X329,DREAMYARD PREPARATORY SCHOOL,HS,51,382,365,391,37,100,87,8.3,8.4,7.9,7.8,1138,8.1
09X365,ACADEMY FOR LANGUAGE AND TECHNOLOGY,HS,54,315,339,297,49,100,92,8.4,7.7,7.5,8.3,951,7.9750000000000005
09X403,BRONX INTERNATIONAL HIGH SCHOOL,HS,49,314,312,339,36,84,95,8.5,8.2,8,8.1,965,8.2
09X404,SCHOOL FOR EXCELLENCE,HS,32,363,360,351,90,94,87,7.6,7.5,7.1,7.2,1074,7.35
09X412,BRONX HIGH SCHOOL OF BUSINESS,HS,34,356,376,351,5,100,91,7.5,7.4,6.9,7.1,1083,7.225
09X413,BRONX HIGH SCHOOL FOR MEDICAL SCIENCE,MS/HS,64,400,419,402,36,100,89,8,8,7.5,7.7,1221,7.8
09X414,JONATHAN LEVIN HIGH SCHOOL FOR MEDIA AND COMMUNICATIONS,HS,35,379,364,379,7,55,65,7.9,7.7,7.2,7.6,1122,7.6
09X505,"BRONX SCHOOL FOR LAW, GOVERNMENT AND JUSTICE",MS/HS,80,404,418,402,44,91,87,7.5,7.4,6.7,7.4,1224,7.25
09X517,FREDERICK DOUGLASS ACADEMY III SECONDARY SCHOOL,MS/HS,50,368,384,369,83,82,62,7.5,7.3,6.8,6.9,1121,7.125
09X525,BRONX LEADERSHIP ACADEMY HIGH SCHOOL,HS,114,384,394,388,32,86,79,7.9,7.8,7.3,7.4,1166,7.6
09X543,HIGH SCHOOL FOR VIOLIN AND DANCE,HS,27,353,315,371,44,96,67,7.4,7.4,6.8,7.1,1039,7.175000000000001
10X141,RIVERDALE / KINGSBRIDGE ACADEMY (MIDDLE SCHOOL / HIGH SCHOOL 141),MS/HS,113,438,455,440,37,87,87,7.5,7.6,7.2,7.3,1333,7.4
10X213,BRONX ENGINEERING AND TECHNOLOGY ACADEMY,HS,86,373,412,365,16,68,34,7.9,7.6,7.3,7.1,1150,7.475
10X225,THEATRE ARTS PRODUCTION COMPANY SCHOOL,MS/HS,59,405,391,394,38,66,74,8.1,8.2,7.7,7.8,1190,7.949999999999999
10X237,"THE MARIE CURIE SCHOOL FOR MEDICINE, NURSING, AND HEALTH PROFESSIONS",HS,79,382,393,382,14,88,66,7.5,7.2,6.7,7.1,1157,7.125
10X243,WEST BRONX ACADEMY FOR THE FUTURE,MS/HS,26,382,406,370,20,92,75,7.4,7.4,6.9,7,1158,7.175000000000001
10X268,KINGSBRIDGE INTERNATIONAL HIGH SCHOOL,HS,52,304,356,302,66,96,93,8.3,7.9,7.6,7.8,962,7.900000000000001
10X284,BRONX SCHOOL OF LAW AND FINANCE,HS,54,402,395,385,24,92,66,7.8,8.2,7.6,7.5,1182,7.775
10X342,INTERNATIONAL SCHOOL FOR LIBERAL ARTS,MS/HS,49,300,333,301,61,89,87,8.4,8.3,8.2,8.4,934,8.325000000000001
10X368,INsTECH ACADEMY (M.S. / HIGH SCHOOL 368),MS/HS,111,390,408,383,34,93,85,7.5,7.2,7,7.3,1181,7.25
10X374,KNOWLEDGE AND POWER PREPARATORY ACADEMY INTERNATIONAL HIGH SCHOOL (KAPPA),HS,61,392,401,387,71,100,88,8.3,8.2,7.9,8.2,1180,8.149999999999999
10X397,ENGLISH LANGUAGE LEARNERS AND INTERNATIONAL SUPPORT PREPARATORY ACADEMY (ELLIS),HS,38,343,356,330,19,90,72,8.7,8.6,8.3,8.3,1029,8.475
10X433,HIGH SCHOOL FOR TEACHING AND THE PROFESSIONS,HS,57,370,371,365,25,63,57,7.7,7.1,7,7,1106,7.2
10X434,BELMONT PREPARATORY HIGH SCHOOL,HS,51,404,418,400,42,83,85,7.6,7.3,6.9,7.5,1222,7.324999999999999
10X437,FORDHAM HIGH SCHOOL FOR THE ARTS,HS,48,355,350,372,33,62,71,8.2,7.7,7.7,8.1,1077,7.924999999999999
10X438,FORDHAM LEADERSHIP ACADEMY FOR BUSINESS AND TECHNOLOGY,HS,63,367,385,367,28,94,65,8.5,8.5,8.1,8,1119,8.275
10X439,BRONX HIGH SCHOOL FOR LAW AND COMMUNITY SERVICE,HS,65,366,364,352,45,100,91,8.1,8,7.5,7.7,1082,7.825
10X440,DEWITT CLINTON HIGH SCHOOL,HS,443,419,426,410,7,54,58,7.3,7,6.9,6.2,1255,6.8500000000000005
10X442,"CELIA CRUZ BRONX HIGH SCHOOL OF MUSIC, THE",HS,52,423,420,427,34,97,81,8,7.9,7.6,7.8,1270,7.825
10X445,BRONX HIGH SCHOOL OF SCIENCE,HS,731,632,688,649,32,88,95,7.8,7.3,7.3,7.7,1969,7.5249999999999995
10X475,JOHN F. KENNEDY HIGH SCHOOL,HS,109,351,362,339,11,100,70,6.9,6.6,6.4,6.8,1052,6.675
10X477,MARBLE HILL HIGH SCHOOL FOR INTERNATIONAL STUDIES,HS,99,414,435,414,61,93,97,8.2,8.1,7.7,8,1263,7.999999999999999
10X546,BRONX THEATRE HIGH SCHOOL,HS,68,348,362,354,98,93,90,8.6,8.5,8.3,8.3,1064,8.425
10X549,DISCOVERY HIGH SCHOOL,HS,55,372,379,364,10,73,48,8.1,8.2,7.5,8,1115,7.949999999999999
10X660,GRACE DODGE CAREER AND TECHNICAL EDUCATION HIGH SCHOOL,HS,73,362,382,356,14,70,72,6.8,6.4,6.2,6.1,1100,6.375
10X667,GRACE DODGE YABC,YABC,10,350,356,317,30,100,93,8.6,8.7,8.2,8.3,1023,8.45
10X696,HIGH SCHOOL OF AMERICAN STUDIES AT LEHMAN COLLEGE,HS,92,636,648,636,36,100,96,8.6,8.3,8.1,8.8,1920,8.45
11X249,BRONX HEALTH SCIENCES HIGH SCHOOL,HS,74,370,381,382,20,91,88,8.1,7.7,6.8,8,1133,7.65
11X253,BRONX HIGH SCHOOL FOR WRITING AND COMMUNICATION ARTS,HS,46,400,357,390,14,92,40,7.9,7.8,7.4,7.4,1147,7.625
11X265,BRONX LAB SCHOOL,HS,81,377,391,367,38,88,90,7.9,7.9,7.4,7.5,1135,7.675000000000001
11X270,ACADEMY FOR SCHOLARSHIP AND ENTREPRENEURSHIP: A COLLEGE BOARD SCHOOL,MS/HS,56,386,394,361,29,77,74,7.6,7.5,7,7.1,1141,7.300000000000001
11X275,HIGH SCHOOL OF COMPUTERS AND TECHNOLOGY,HS,72,381,376,354,41,89,96,8.3,8.2,7.8,8,1111,8.075
11X288,COLLEGIATE INSTITUTE FOR MATH AND SCIENCE,HS,97,444,471,433,57,88,91,8.5,8.4,8.1,8.2,1348,8.3
11X290,BRONX ACADEMY OF HEALTH CAREERS,HS,69,387,365,383,25,90,77,7.8,7.7,7.2,7.2,1135,7.475
11X299,ASTOR COLLEGIATE ACADEMY,HS,60,387,391,391,31,100,87,7.7,7.6,7.1,7,1169,7.35
11X415,CHRISTOPHER COLUMBUS HIGH SCHOOL,HS,121,367,361,353,5,78,76,7.2,7.4,7.1,6.7,1081,7.1000000000000005
11X418,BRONX HIGH SCHOOL FOR THE VISUAL ARTS,HS,48,419,433,416,15,77,56,8,7.8,7.6,7.9,1268,7.824999999999999
11X455,HARRY S TRUMAN HIGH SCHOOL,HS,189,386,397,368,6,57,50,7.6,7.3,7.1,7.2,1151,7.3
11X513,NEW WORLD HIGH SCHOOL,HS,72,332,381,335,60,70,94,8.4,8.1,7.9,8.1,1048,8.125
11X514,THE BRONXWOOD PREPARATORY ACADEMY,HS,48,377,372,363,26,64,76,7.7,7.3,6.9,7.2,1112,7.2749999999999995
11X541,GLOBAL ENTERPRISE HIGH SCHOOL,HS,57,372,382,375,17,42,77,7.9,7.8,7.4,7.2,1129,7.575
11X542,PELHAM PREPARATORY ACADEMY,HS,76,431,438,419,65,89,93,8.3,8.1,7.8,7.9,1288,8.025
11X544,HIGH SCHOOL FOR CONTEMPORARY ARTS,HS,55,383,378,365,23,70,51,7.8,7.9,7.5,7.7,1126,7.725
11X545,BRONX AEROSPACE HIGH SCHOOL,HS,46,388,393,382,25,70,73,7.4,7,6.6,6.5,1163,6.875
12X245,NEW DAY ACADEMY,MS/HS,25,348,344,354,67,100,86,7.7,7.8,7,7.8,1046,7.575
12X248,"METROPOLITAN HIGH SCHOOL, THE",HS,49,347,367,341,27,89,71,8.4,8.6,7.9,8,1055,8.225
12X251,EXPLORATIONS ACADEMY,HS,57,381,381,360,27,60,75,8,7.7,7.4,7.9,1122,7.75
12X262,PERFORMANCE CONSERVATORY HIGH SCHOOL,HS,30,361,353,360,61,100,86,6.9,6.6,6.3,6.8,1074,6.65
12X267,BRONX LATIN,MS/HS,36,408,432,411,51,100,97,8.7,8.5,7.9,8.1,1251,8.3
12X271,EAST BRONX ACADEMY FOR THE FUTURE,MS/HS,46,366,378,358,15,51,49,8.2,8.1,7.7,7.5,1102,7.874999999999999
12X278,PEACE AND DIVERSITY ACADEMY,HS,34,390,401,364,99,95,98,8.5,8.2,8.3,8.2,1155,8.3
12X388,PAN AMERICAN INTERNATIONAL HIGH SCHOOL AT MONROE,HS,30,321,351,298,68,100,90,8.9,8.7,8.6,8.6,970,8.700000000000001
12X446,ARTURO A. SCHOMBURG SATELLITE ACADEMY BRONX,HST,14,380,372,349,53,100,55,8.1,8.1,7.9,8.1,1101,8.05
12X480,BRONX REGIONAL HIGH SCHOOL,HST,16,398,385,398,25,82,68,8.3,8.5,7.8,7.9,1181,8.125
12X550,HIGH SCHOOL OF WORLD CULTURES,HS,42,304,323,312,89,89,75,8.1,8,7.8,8.3,939,8.05
12X682,FANNIE LOU HAMER FREEDOM HIGH SCHOOL,HS,72,342,346,341,62,91,68,8.6,8.6,8.2,8.3,1029,8.425
12X684,WINGS ACADEMY,HS,66,378,374,362,38,92,80,7.6,7.3,7,7,1114,7.225
12X690,MONROE ACADEMY FOR BUSINESS/LAW,HS,31,375,387,376,15,86,87,7.5,7.1,6.1,7.3,1138,7
12X692,MONROE ACADEMY FOR VISUAL ARTS & DESIGN,HS,43,332,357,349,14,71,81,7.7,7.7,7.2,7.4,1038,7.5
13K265,DR. SUSAN S. MCKINNEY SECONDARY SCHOOL OF THE ARTS,MS/HS,29,352,349,373,24,62,70,8.1,8,7.6,7.8,1074,7.875000000000001
13K350,URBAN ASSEMBLY HIGH SCHOOL OF MUSIC AND ART,HS,52,360,364,356,21,52,64,7.4,7.4,6.9,7.5,1080,7.300000000000001
13K412,"BROOKLYN COMMUNITY HIGH SCHOOL OF COMMUNICATION, ARTS AND MEDIA",HS,37,375,355,384,30,89,94,7.9,7.9,7.4,7.5,1114,7.675000000000001
13K419,"SCIENCE SKILLS CENTER HIGH SCHOOL FOR SCIENCE, TECHNOLOGY AND THE CREATIVE ARTS",HS,92,399,417,395,20,81,78,6.9,6.6,6.2,6.2,1211,6.475
13K430,BROOKLYN TECHNICAL HIGH SCHOOL,HS,1277,587,659,587,35,89,91,7.6,6.8,6.9,7.6,1833,7.225
13K439,BROOKLYN INTERNATIONAL HIGH SCHOOL,HS,90,305,364,312,85,100,95,9,8.8,8.8,9,981,8.9
13K483,THE URBAN ASSEMBLY SCHOOL FOR LAW AND JUSTICE,HS,105,400,417,389,53,100,93,8.4,8.3,7.8,7.8,1206,8.075000000000001
13K499,ACORN COMMUNITY HIGH SCHOOL,HS,72,384,364,368,21,91,59,7.9,7.8,7.5,7.4,1116,7.65
13K509,FREEDOM ACADEMY HIGH SCHOOL,HS,29,400,390,403,16,90,78,7.1,6.7,6.3,6.8,1193,6.7250000000000005
13K553,BROOKLYN ACADEMY HIGH SCHOOL,HST,8,435,383,379,29,83,65,8.6,8.5,8.1,8.4,1197,8.4
13K575,BEDFORD STUYVESANT PREPARATORY HIGH SCHOOL,HST,13,398,391,394,34,100,95,9.1,9,8.6,8.9,1183,8.9
13K595,BEDFORD ACADEMY HIGH SCHOOL,HS,89,438,443,431,65,95,90,8.9,8.8,8.3,8.6,1312,8.65
13K605,GEORGE WESTINGHOUSE CAREER AND TECHNICAL EDUCATION HIGH SCHOOL,HS,85,406,391,392,34,94,77,7.9,7.7,7.4,7.5,1189,7.625
13K670,BENJAMIN BANNEKER ACADEMY,HS,185,471,472,448,23,67,82,7.5,7.4,7.2,7.7,1391,7.45
13K674,"CITY POLYTECHNIC HIGH SCHOOL OF ENGINEERING, ARCHITECTURE, AND TECHNOLOGY",HS,20,441,499,413,26,82,85,8.2,8.2,7.4,7.5,1353,7.824999999999999
14K071,JUAN MOREL CAMPOS SECONDARY SCHOOL,MS/HS,102,365,361,359,44,86,78,8.3,8.2,7.9,7.8,1085,8.049999999999999
14K449,"BROOKLYN LATIN SCHOOL, THE",HS,72,586,584,570,24,86,94,8.3,8.6,7.9,8.7,1740,8.375
14K454,GREEN SCHOOL: AN ACADEMY FOR ENVIRONMENTAL CAREERS,HS,41,407,386,396,28,38,52,7.8,7.7,7.3,7,1189,7.45
14K474,PROGRESS HIGH SCHOOL FOR PROFESSIONAL CAREERS,HS,144,364,379,371,33,74,56,8.2,8,7.8,8,1114,8
14K477,SCHOOL FOR LEGAL STUDIES,HS,134,413,396,395,21,97,54,7.4,7,6.7,7.1,1204,7.050000000000001
14K478,"THE HIGH SCHOOL FOR ENTERPRISE, BUSINESS AND TECHNOLOGY",HS,142,398,421,396,14,76,39,8,7.9,7.6,7.7,1215,7.8
14K488,BROOKLYN PREPARATORY HIGH SCHOOL,HS,42,367,373,350,27,85,71,7.9,7.8,7.4,7.6,1090,7.675000000000001
14K558,WILLIAMSBURG HIGH SCHOOL FOR ARCHITECTURE AND DESIGN,HS,72,363,385,364,58,100,93,9.1,9.1,8.8,8.8,1112,8.95
14K561,WILLIAMSBURG PREPARATORY SCHOOL,HS,113,397,410,380,32,96,83,8.8,8.8,8.1,8.4,1187,8.525
14K586,LYONS COMMUNITY SCHOOL,MS/HS,31,371,377,355,26,98,75,8.1,8.2,7.6,7.3,1103,7.8
14K610,AUTOMOTIVE HIGH SCHOOL,HS,94,367,376,350,9,74,44,7.1,7,6.6,6.6,1093,6.824999999999999
14K632,FRANCES PERKINS ACADEMY,HS,12,382,372,368,32,88,86,7.6,7.6,7.1,7.4,1122,7.424999999999999
14K685,EL PUENTE ACADEMY FOR PEACE AND JUSTICE,HS,28,359,335,341,33,100,83,8.6,8.5,8.1,8.5,1035,8.425
15K429,BROOKLYN SCHOOL FOR GLOBAL STUDIES,MS/HS,52,361,367,383,14,90,75,7,6.5,6.2,7.1,1111,6.699999999999999
15K448,BROOKLYN SECONDARY SCHOOL FOR COLLABORATIVE STUDIES,MS/HS,76,393,399,387,33,68,88,7.9,7.6,7.3,7.6,1179,7.6
15K462,SECONDARY SCHOOL FOR LAW,MS/HS,59,398,411,394,43,97,90,7.4,7.1,6.6,7,1203,7.025
15K463,SECONDARY SCHOOL FOR JOURNALISM,MS/HS,58,397,391,381,9,87,75,6.5,5.5,5.5,5.7,1169,5.8
15K464,PARK SLOPE COLLEGIATE,MS/HS,72,379,416,380,20,81,72,7.8,7.7,7.3,7.1,1175,7.475
15K497,SCHOOL FOR INTERNATIONAL STUDIES,MS/HS,64,405,415,392,7,78,62,7.1,6.5,6.2,6.8,1212,6.65
15K519,COBBLE HILL SCHOOL OF AMERICAN STUDIES,HS,77,398,402,385,37,90,46,8.3,7.8,7.7,8,1185,7.95
15K530,METROPOLITAN CORPORATE ACADEMY HIGH SCHOOL,HS,28,368,365,368,42,75,70,7.8,7.8,7.5,8.1,1101,7.800000000000001
15K656,BROOKLYN HIGH SCHOOL OF THE ARTS,HS,141,426,421,411,19,86,90,7.8,7.4,7.1,7.5,1258,7.449999999999999
15K698,SOUTH BROOKLYN COMMUNITY HIGH SCHOOL,HST,8,430,416,425,14,82,65,8.4,8.4,8.1,8.8,1271,8.425
16K393,FREDERICK DOUGLASS ACADEMY IV SECONDARY SCHOOL,MS/HS,20,355,355,358,17,96,77,8,8.1,7.8,7.9,1068,7.950000000000001
16K455,BOYS AND GIRLS HIGH SCHOOL,HS,131,365,370,362,14,71,35,8.2,8.4,8.1,7.8,1097,8.125
16K498,BROOKLYN HIGH SCHOOL FOR LAW AND TECHNOLOGY,HS,46,362,372,358,37,56,58,8,7.9,7.5,7.9,1092,7.824999999999999
16K594,GOTHAM PROFESSIONAL ARTS ACADEMY,HS,36,370,372,351,23,87,88,8.3,8.1,7.8,7.7,1093,7.975
17K382,ACADEMY FOR COLLEGE PREPARATION AND CAREER EXPLORATION: A COLLEGE BOARD SCHOOL,MS/HS,59,396,374,369,8,79,87,7.7,7.4,6.7,6.5,1139,7.075
17K408,ACADEMY OF HOSPITALITY AND TOURISM,HS,57,352,342,351,26,72,84,8,7.6,7.4,7.4,1045,7.6
17K489,W.E.B. DUBOIS ACADEMIC HIGH SCHOOL,HST,7,394,364,334,30,100,75,8.4,8.5,7.9,8,1092,8.2
17K524,INTERNATIONAL HIGH SCHOOL AT PROSPECT HEIGHTS,HS,71,287,335,291,41,100,85,8.4,7.7,7.8,7.9,913,7.950000000000001
17K528,THE HIGH SCHOOL FOR GLOBAL CITIZENSHIP,HS,46,403,385,388,37,95,57,7.4,7.5,7.1,7.1,1176,7.275
17K531,"SCHOOL FOR HUMAN RIGHTS, THE",MS/HS,35,348,381,359,59,100,97,8.6,8.7,8.2,8.3,1088,8.45
17K533,SCHOOL FOR DEMOCRACY AND LEADERSHIP,MS/HS,38,377,404,372,61,100,93,7.4,7.7,6.9,6.4,1153,7.1
17K537,HIGH SCHOOL FOR YOUTH AND COMMUNITY DEVELOPMENT AT ERASMUS,HS,73,338,349,340,48,91,85,8.1,8.2,7.6,7.3,1027,7.8
17K539,HIGH SCHOOL FOR SERVICE & LEARNING AT ERASMUS,HS,61,362,375,368,26,96,76,8.2,8.2,7.6,7.3,1105,7.825
17K543,"SCIENCE, TECHNOLOGY AND RESEARCH EARLY COLLEGE HIGH SCHOOL AT ERASMUS",MS/HS,69,457,462,441,96,72,91,8.5,8.2,8,8.1,1360,8.2
17K544,INTERNATIONAL ARTS BUSINESS SCHOOL,HS,54,386,391,369,5,90,78,7.2,7.4,6.4,6.7,1146,6.925
17K546,HIGH SCHOOL FOR PUBLIC SERVICE: HEROES OF TOMORROW,HS,79,418,441,414,27,88,90,8.4,8.4,8.1,8.4,1273,8.325
17K547,BROOKLYN ACADEMY OF SCIENCE AND THE ENVIRONMENT,HS,63,388,382,373,24,94,85,7.5,7.6,7.1,7.2,1143,7.35
17K548,BROOKLYN SCHOOL FOR MUSIC & THEATRE,HS,48,385,393,373,40,100,81,7.5,7.4,6.9,6.8,1151,7.15
17K568,BROWNSVILLE ACADEMY HIGH SCHOOL,HST,16,372,356,335,50,79,76,9,9,8.6,8.6,1063,8.8
17K590,MEDGAR EVERS COLLEGE PREPARATORY SCHOOL,MS/HS,165,476,481,479,67,48,81,8.5,8.4,8.2,8.4,1436,8.375
17K600,CLARA BARTON HIGH SCHOOL,HS,259,425,413,413,13,85,81,7.7,7.4,7.2,7.3,1251,7.4
17K625,PAUL ROBESON HIGH SCHOOL,HS,53,365,363,355,9,50,53,6.8,6.6,6,6.9,1083,6.574999999999999
18K563,IT TAKES A VILLAGE ACADEMY,HS,56,313,320,330,61,100,93,8.7,8.4,8.3,8.1,963,8.375
18K566,BROOKLYN GENERATION SCHOOL,HS,29,374,377,394,32,100,86,8.1,8.2,7.5,7.5,1145,7.824999999999999
18K567,BROOKLYN THEATRE ARTS HIGH SCHOOL,HS,54,383,358,377,22,100,83,7.5,7.5,6.9,6.8,1118,7.175
18K569,KURT HAHN EXPEDITIONARY LEARNING SCHOOL,HS,43,368,378,346,16,100,86,8.7,8.8,8.3,8.1,1092,8.475
18K576,VICTORY COLLEGIATE HIGH SCHOOL,HS,63,387,377,379,41,67,50,7.8,8,7.3,7.5,1143,7.65
18K578,BROOKLYN BRIDGE ACADEMY,HST,17,384,362,351,24,78,81,8.4,8.4,8.3,8.4,1097,8.375
18K589,ARTS & MEDIA PREPARATORY ACADEMY,HS,48,361,360,359,20,64,67,8.2,8.3,7.7,8.1,1080,8.075
18K617,HIGH SCHOOL FOR INNOVATION IN ADVERTISING AND MEDIA,HS,37,404,393,386,20,85,64,7.6,7.3,7,7.2,1183,7.2749999999999995
18K629,CULTURAL ACADEMY FOR THE ARTS AND SCIENCES,HS,33,393,395,381,37,78,85,7.6,7.4,7.2,7.3,1169,7.375
18K633,HIGH SCHOOL FOR MEDICAL PROFESSIONS,HS,75,386,380,393,15,100,86,7.9,7.8,7.1,7.4,1159,7.549999999999999
18K635,OLYMPUS ACADEMY,HST,7,400,370,370,10,86,47,8.8,8.6,8.1,8.6,1140,8.525
18K637,ACADEMY FOR CONSERVATION AND THE ENVIRONMENT,HS,35,363,381,367,47,100,82,7.8,7.8,7.3,7.3,1111,7.55
18K642,URBAN ACTION ACADEMY,HS,40,376,385,374,55,71,93,7.4,7.2,6.6,7.1,1135,7.075000000000001
18K673,EAST BROOKLYN COMMUNITY HIGH SCHOOL,HST,12,410,403,378,40,82,65,8.9,8.7,8.5,8.5,1191,8.65
19K409,EAST NEW YORK FAMILY ACADEMY,MS/HS,54,416,432,394,37,83,86,7.7,7.4,7,7.7,1242,7.45
19K502,FDNY HIGH SCHOOL FOR FIRE AND LIFE SAFETY,HS,37,341,349,333,38,96,80,8,8,7.6,7.5,1023,7.775
19K504,HIGH SCHOOL FOR CIVIL RIGHTS,HS,47,363,349,342,18,90,67,8.5,8.5,8.1,7.7,1054,8.200000000000001
19K507,PERFORMING ARTS AND TECHNOLOGY HIGH SCHOOL,HS,61,380,386,383,42,61,68,8.3,8.1,7.8,7.7,1149,7.975
19K510,WORLD ACADEMY FOR TOTAL COMMUNITY HEALTH HIGH SCHOOL,HS,68,371,365,370,27,85,74,7.1,6.5,6.1,6.5,1106,6.55
19K583,MULTICULTURAL HIGH SCHOOL,HS,29,279,322,286,11,93,74,7.6,7.6,7.4,7.6,887,7.550000000000001
19K615,TRANSIT TECH CAREER AND TECHNICAL EDUCATION HIGH SCHOOL,HS,182,395,418,380,11,85,75,7.3,7.1,6.9,6.5,1193,6.949999999999999
19K618,ACADEMY OF INNOVATIVE TECHNOLOGY,HS,60,371,371,354,17,88,78,8.2,8,7.8,7.6,1096,7.9
19K639,BROOKLYN LAB SCHOOL,HS,57,360,385,363,20,96,62,7.5,7.3,6.8,7.1,1108,7.175000000000001
19K659,CYPRESS HILLS COLLEGIATE PREPARATORY SCHOOL,HS,51,376,385,368,28,96,79,7.4,7.5,7.1,7.1,1129,7.275
19K660,W. H. MAXWELL CAREER AND TECHNICAL EDUCATION HIGH SCHOOL,HS,74,370,369,363,75,98,82,8.3,8.2,7.7,7.5,1102,7.925
19K683,"THE SCHOOL FOR CLASSICS: AN ACADEMY OF THINKERS, WRITERS AND PERFORMERS",HS,38,383,400,374,56,88,87,8.1,8,7.6,7.5,1157,7.800000000000001
20K445,NEW UTRECHT HIGH SCHOOL,HS,456,402,471,399,49,86,75,7.8,7.5,7.4,7.6,1272,7.575000000000001
20K485,HIGH SCHOOL OF TELECOMMUNICATION ARTS AND TECHNOLOGY,HS,238,425,474,424,15,90,90,8.2,8,7.5,8.2,1323,7.975
20K490,FORT HAMILTON HIGH SCHOOL,HS,694,417,478,411,43,66,72,7.7,7.2,7.2,7.5,1306,7.4
20K505,FRANKLIN DELANO ROOSEVELT HIGH SCHOOL,HS,385,383,486,375,42,98,79,7.9,7.7,7.5,7.6,1244,7.675000000000001
20K658,FRANKLIN DELANO ROOSEVELT YABC,YABC,18,338,477,316,14,59,46,8.3,8.1,7.8,8.2,1131,8.1
21K337,INTERNATIONAL HIGH SCHOOL AT LAFAYETTE,HS,54,326,386,314,52,96,91,8.1,7.7,7.5,8.3,1026,7.9
21K344,RACHEL CARSON HIGH SCHOOL FOR COASTAL STUDIES,HS,54,402,427,408,51,70,93,7.6,7.5,7.1,7.4,1237,7.4
21K348,HIGH SCHOOL OF SPORTS MANAGEMENT,HS,39,388,398,378,26,100,91,7.9,7.8,7.6,7.2,1164,7.624999999999999
21K410,ABRAHAM LINCOLN HIGH SCHOOL,HS,475,396,437,393,17,92,74,8,7.8,7.7,7.6,1226,7.775
21K525,EDWARD R. MURROW HIGH SCHOOL,HS,727,468,496,467,27,89,90,8,7.8,7.7,7.6,1431,7.775
21K540,JOHN DEWEY HIGH SCHOOL,HS,448,404,468,390,17,85,40,7.7,7.2,7.1,7.5,1262,7.375
21K559,LIFE ACADEMY HIGH SCHOOL FOR FILM AND MUSIC,HS,40,384,375,365,50,94,77,8.4,8.6,7.9,7.7,1124,8.15
21K572,EXPEDITIONARY LEARNING SCHOOL FOR COMMUNITY LEADERS,HS,40,353,370,356,50,95,84,8.7,8.6,8.1,8.4,1079,8.45
21K620,WILLIAM E. GRADY CAREER AND TECHNICAL EDUCATION HIGH SCHOOL,HS,95,394,414,376,58,84,73,8.4,8.3,8.1,7.7,1184,8.125000000000002
21K690,BROOKLYN STUDIO SECONDARY SCHOOL,MS/HS,119,429,449,435,22,66,94,7,6.3,6.2,7.1,1313,6.65
21K728,LIBERATION DIPLOMA PLUS,HST,10,411,369,373,88,89,94,8.5,8.5,8.2,8.5,1153,8.425
22K405,MIDWOOD HIGH SCHOOL,HS,824,478,519,476,17,81,76,8.3,7.8,7.8,7.9,1473,7.950000000000001
22K425,JAMES MADISON HIGH SCHOOL,HS,518,436,475,439,25,54,82,8.6,8.3,8.2,8.1,1350,8.299999999999999
22K495,SHEEPSHEAD BAY HIGH SCHOOL,HS,236,383,392,370,5,73,72,7,6.6,6.4,6.3,1145,6.575
22K535,LEON M. GOLDSTEIN HIGH SCHOOL FOR THE SCIENCES,HS,259,524,561,542,18,88,90,8.2,7.9,7.8,8.4,1627,8.075000000000001
22K555,BROOKLYN COLLEGE ACADEMY,MS/HS,131,456,456,440,52,90,95,8.9,8.7,8,8.7,1352,8.575
23K493,BROOKLYN COLLEGIATE: A COLLEGE BOARD SCHOOL,MS/HS,60,389,409,387,25,39,67,7.7,7.3,7,7,1185,7.25
23K514,FREDERICK DOUGLASS ACADEMY VII HIGH SCHOOL,HS,55,361,371,359,46,100,88,7.3,7.3,6.8,7,1091,7.1
23K643,BROOKLYN DEMOCRACY ACADEMY,HST,11,349,338,331,12,81,40,8.3,8.3,8,8,1018,8.15
23K646,ASPIRATIONS DIPLOMA PLUS HIGH SCHOOL,HST,7,311,371,311,30,100,62,8.9,8.8,8.4,8.5,993,8.65
23K697,TEACHERS PREPARATORY HIGH SCHOOL,MS/HS,69,392,416,388,40,71,81,7.9,7.5,7.1,7,1196,7.375
24Q264,ACADEMY OF FINANCE AND ENTERPRISE,HS,89,405,454,421,71,100,98,8.6,8.3,7.9,8.3,1280,8.274999999999999
24Q267,HIGH SCHOOL OF APPLIED COMMUNICATION,HS,39,406,413,400,28,96,91,8.3,8.4,7.8,8.2,1219,8.175
24Q293,CIVIC LEADERSHIP ACADEMY,HS,69,404,429,407,56,88,97,8.2,7.7,7.5,8.4,1240,7.949999999999999
24Q296,PAN AMERICAN INTERNATIONAL HIGH SCHOOL,HS,55,317,323,311,38,93,79,8,7.3,7.4,7.6,951,7.575000000000001
24Q299,BARD HIGH SCHOOL EARLY COLLEGE II,HS,155,545,568,550,47,93,48,8.9,8,8.1,8.7,1663,8.425
24Q455,NEWTOWN HIGH SCHOOL,HS,320,383,440,380,17,67,74,8.5,8.4,8.1,8.1,1203,8.275
24Q485,GROVER CLEVELAND HIGH SCHOOL,HS,241,395,420,396,10,87,53,7.9,7.4,7.4,7.7,1211,7.6000000000000005
24Q520,MIDDLE COLLEGE HIGH SCHOOL AT LAGUARDIA COMMUNITY COLLEGE,HS,58,399,393,385,45,72,81,8,7.9,7.7,8.1,1177,7.925000000000001
24Q530,INTERNATIONAL HIGH SCHOOL AT LAGUARDIA COMMUNITY COLLEGE,HS,69,326,409,329,76,94,90,8.6,8.5,8.2,8.6,1064,8.475
24Q550,HIGH SCHOOL FOR ARTS AND BUSINESS,HS,138,391,403,380,29,100,78,8.6,8.4,8.1,8.3,1174,8.350000000000001
24Q560,"ROBERT F. WAGNER, JR. SECONDARY SCHOOL FOR ARTS AND TECHNOLOGY",MS/HS,80,443,447,440,28,100,83,8.4,8.4,8,8.4,1330,8.3
24Q600,QUEENS VOCATIONAL AND TECHNICAL HIGH SCHOOL,HS,155,417,447,406,18,89,92,8.1,7.9,7.7,7.7,1270,7.85
24Q610,AVIATION CAREER & TECHNICAL EDUCATION HIGH SCHOOL,HS,396,445,496,423,17,100,94,8.2,8.3,7.9,8.4,1364,8.2
25Q252,"QUEENS SCHOOL OF INQUIRY, THE",MS/HS,58,455,498,443,38,100,99,8.1,7.7,7.4,7.9,1396,7.775
25Q263,FLUSHING INTERNATIONAL HIGH SCHOOL,HS,45,314,417,318,66,97,93,8.5,8.5,8.1,8.4,1049,8.375
25Q281,EASTsWEST SCHOOL OF INTERNATIONAL STUDIES,MS/HS,59,416,463,392,33,67,97,7.9,7.6,7.1,8.1,1271,7.675000000000001
25Q285,WORLD JOURNALISM PREPARATORY: A COLLEGE BOARD SCHOOL,MS/HS,63,471,489,481,32,78,88,8,8,7.5,7.9,1441,7.85
25Q425,JOHN BOWNE HIGH SCHOOL,HS,558,397,451,395,14,74,76,8,7.7,7.6,7.3,1243,7.6499999999999995
25Q460,FLUSHING HIGH SCHOOL,HS,347,393,441,382,18,68,69,7.2,7,6.7,6.4,1216,6.824999999999999
25Q467,FLUSHING YABC,YABC,9,378,373,344,7,83,57,8.6,8.4,8.2,8.2,1095,8.35
25Q525,TOWNSEND HARRIS HIGH SCHOOL,HS,278,621,651,638,33,96,94,8.2,7.9,7.7,8.6,1910,8.1
25Q670,ROBERT F. KENNEDY COMMUNITY HIGH SCHOOL,HS,99,431,458,441,28,93,37,8.6,8.6,8.1,8.4,1330,8.424999999999999
25Q792,NORTH QUEENS COMMUNITY HIGH SCHOOL,HST,7,379,421,377,61,100,84,8.4,8.3,7.9,8.1,1177,8.175
26Q415,BENJAMIN N. CARDOZO HIGH SCHOOL,HS,888,480,545,489,21,85,81,7.7,7.3,7.3,7.2,1514,7.375
26Q430,FRANCIS LEWIS HIGH SCHOOL,HS,934,468,539,467,26,76,84,8.7,8.5,8.5,8.4,1474,8.525
26Q435,MARTIN VAN BUREN HIGH SCHOOL,HS,334,391,397,384,23,100,76,7.1,6.9,6.6,6.1,1172,6.675000000000001
26Q495,BAYSIDE HIGH SCHOOL,HS,708,462,523,464,13,87,38,7.9,7.6,7.6,7.9,1449,7.75
26Q566,"QUEENS HIGH SCHOOL OF TEACHING, LIBERAL ARTS AND THE SCIENCES",HS,175,425,434,420,23,92,80,7.5,7.6,7.3,7.4,1279,7.449999999999999
27Q260,FREDERICK DOUGLASS ACADEMY VI HIGH SCHOOL,HS,87,387,385,373,29,78,74,6.8,6.4,6.1,6.3,1145,6.3999999999999995
27Q262,CHANNEL VIEW SCHOOL FOR RESEARCH,MS/HS,74,432,419,401,41,100,90,8.5,8.4,8,8.2,1252,8.274999999999999
27Q302,"QUEENS HIGH SCHOOL FOR INFORMATION, RESEARCH, AND TECHNOLOGY",HS,44,391,401,364,51,90,79,7.8,7.9,7.5,7.3,1156,7.625
27Q308,ROBERT H. GODDARD HIGH SCHOOL OF COMMUNICATION ARTS AND TECHNOLOGY,HS,93,423,426,416,52,86,88,8.4,8.2,7.8,8,1265,8.100000000000001
27Q309,ACADEMY OF MEDICAL TECHNOLOGY: A COLLEGE BOARD SCHOOL,MS/HS,36,367,379,348,48,88,74,7.7,7.7,6.9,6.8,1094,7.275
27Q323,SCHOLARS' ACADEMY,MS/HS,89,499,537,496,67,98,95,9.2,8.9,8.7,9.1,1532,8.975
27Q400,AUGUST MARTIN HIGH SCHOOL,HS,101,377,371,360,14,70,58,7.4,7.4,6.9,6.6,1108,7.075000000000001
27Q410,BEACH CHANNEL HIGH SCHOOL,HS,78,384,396,354,3,68,60,7.9,7.6,7.3,7.2,1134,7.5
27Q475,RICHMOND HILL HIGH SCHOOL,HS,404,382,404,368,7,75,59,7.6,7.3,7.1,6.5,1154,7.125
27Q480,JOHN ADAMS HIGH SCHOOL,HS,403,391,409,392,11,81,61,7.5,7.4,7,6.9,1192,7.199999999999999
27Q650,"HIGH SCHOOL FOR CONSTRUCTION TRADES, ENGINEERING AND ARCHITECTURE",HS,194,429,491,425,24,95,93,8.1,7.4,7.4,7.8,1345,7.675
28Q310,QUEENS COLLEGIATE: A COLLEGE BOARD SCHOOL,MS/HS,68,420,445,400,39,96,86,7.8,7.6,7.3,7.2,1265,7.475
28Q338,QUEENS SATELLITE HIGH SCHOOL FOR OPPORTUNITY,HST,6,403,408,367,20,86,55,8.4,8.3,8,8.4,1178,8.275
28Q350,JAMAICA GATEWAY TO THE SCIENCES,HS,25,430,452,425,16,42,93,8.2,8.2,7.4,7.3,1307,7.7749999999999995
28Q440,FOREST HILLS HIGH SCHOOL,HS,762,456,497,454,12,78,37,8,7.7,7.7,7.6,1407,7.75
28Q470,JAMAICA HIGH SCHOOL,HS,90,342,368,353,23,64,66,7.4,7.2,7.1,7.7,1063,7.3500000000000005
28Q505,HILLCREST HIGH SCHOOL,HS,462,395,413,386,36,86,40,9,8.9,8.8,8.7,1194,8.85
28Q620,THOMAS A. EDISON CAREER AND TECHNICAL EDUCATION HIGH SCHOOL,HS,422,452,478,442,49,100,94,8.1,8,7.7,7.8,1372,7.9
28Q680,QUEENS GATEWAY TO HEALTH SCIENCES SECONDARY SCHOOL,MS/HS,99,513,523,502,23,63,95,7.8,6.7,6.5,7.7,1538,7.175
28Q687,QUEENS HIGH SCHOOL FOR THE SCIENCES AT YORK COLLEGE,HS,121,612,660,596,27,83,98,8.2,8.3,8,8.4,1868,8.225
28Q690,HIGH SCHOOL FOR LAW ENFORCEMENT AND PUBLIC SAFETY,HS,74,406,406,384,18,97,73,7.6,7.6,7.3,7.5,1196,7.5
28Q896,"YOUNG WOMEN'S LEADERSHIP SCHOOL, QUEENS",MS/HS,68,439,445,432,78,91,100,7.2,6.2,5.8,7.2,1316,6.6
29Q248,QUEENS PREPARATORY ACADEMY,HS,52,360,380,359,26,96,83,7,6.7,6.3,6.8,1099,6.7
29Q259,PATHWAYS COLLEGE PREPARATORY SCHOOL: A COLLEGE BOARD SCHOOL,MS/HS,46,401,397,375,56,83,88,7.9,7.8,7.3,7.3,1173,7.575
29Q265,EXCELSIOR PREPARATORY HIGH SCHOOL,HS,49,402,398,402,23,96,89,8.2,8.2,7.8,7.5,1202,7.925
29Q272,GEORGE WASHINGTON CARVER HIGH SCHOOL FOR THE SCIENCES,HS,59,436,427,424,30,100,90,8,7.8,7.5,7.4,1287,7.675000000000001
29Q283,PREPARATORY ACADEMY FOR WRITERS: A COLLEGE BOARD SCHOOL,MS/HS,43,370,367,363,7,87,75,8.5,8.4,7.9,7.7,1100,8.125
29Q492,"MATHEMATICS, SCIENCE RESEARCH AND TECHNOLOGY MAGNET HIGH SCHOOL",HS,78,400,426,394,66,90,81,7,6.4,6.2,6.3,1220,6.4750000000000005
29Q494,"LAW, GOVERNMENT AND COMMUNITY SERVICE HIGH SCHOOL",HS,52,385,377,377,4,85,62,7.2,6.9,6.3,6.4,1139,6.700000000000001
29Q496,"BUSINESS, COMPUTER APPLICATIONS & ENTREPRENEURSHIP HIGH SCHOOL",HS,49,379,414,359,18,100,76,6.9,6.5,6.2,6.3,1152,6.4750000000000005
29Q498,HUMANITIES & ARTS MAGNET HIGH SCHOOL,HS,62,393,381,377,53,86,85,8.1,7.9,7.6,7.2,1151,7.7
30Q301,ACADEMY FOR CAREERS IN TELEVISION AND FILM,HS,98,410,440,405,79,100,98,8.9,9,8.5,8.6,1255,8.75
30Q445,WILLIAM CULLEN BRYANT HIGH SCHOOL,HS,395,414,449,412,21,64,58,7.1,6.7,6.7,7,1275,6.875
30Q450,LONG ISLAND CITY HIGH SCHOOL,HS,392,403,420,395,24,63,73,7.7,7.5,7.4,7,1218,7.4
30Q501,FRANK SINATRA SCHOOL OF THE ARTS HIGH SCHOOL,HS,174,504,496,494,37,93,66,7.5,7.4,7.2,8,1494,7.525
30Q502,INFORMATION TECHNOLOGY HIGH SCHOOL,HS,148,407,434,398,32,96,84,7.9,7.9,7.6,7.6,1239,7.75
30Q555,NEWCOMERS HIGH SCHOOL,HS,143,323,475,329,33,74,91,7.8,7.1,7.2,8,1127,7.5249999999999995
30Q575,ACADEMY OF AMERICAN STUDIES,HS,135,487,492,491,37,90,98,8,8,7.7,8,1470,7.925
30Q580,BACCALAUREATE SCHOOL FOR GLOBAL EDUCATION,MS/HS,61,524,568,544,37,72,98,8.5,7.6,7.2,8.8,1636,8.025
31R047,CSI HIGH SCHOOL FOR INTERNATIONAL STUDIES,HS,137,452,451,450,61,91,95,8.1,7.8,7.5,8.3,1353,7.925
31R064,GAYNOR MCCOWN EXPEDITIONARY LEARNING SCHOOL,HS,61,398,412,385,45,84,96,7.9,7.8,7.3,7.7,1195,7.675
31R080,THE MICHAEL J. PETRIDES SCHOOL,ES/MS/HS,107,472,488,466,58,85,97,8.5,8.3,8.2,8.2,1426,8.3
31R440,NEW DORP HIGH SCHOOL,HS,391,424,437,416,30,99,86,8,8.1,7.7,7.3,1277,7.775
31R445,PORT RICHMOND HIGH SCHOOL,HS,271,424,438,417,19,58,81,7.8,7.7,7.4,7.3,1279,7.55
31R450,CURTIS HIGH SCHOOL,HS,375,437,435,429,55,93,86,7.8,7.5,7.5,7,1301,7.45
31R455,TOTTENVILLE HIGH SCHOOL,HS,807,462,486,470,27,92,85,8.4,8.2,8.1,7.8,1418,8.125
31R460,SUSAN E. WAGNER HIGH SCHOOL,HS,535,455,474,459,45,97,84,8.1,7.9,7.8,7.5,1388,7.825
31R470,CONCORD HIGH SCHOOL,HST,10,466,455,414,45,100,82,9,9,8.6,8.9,1335,8.875
31R600,RALPH R. MCKEE CAREER AND TECHNICAL EDUCATION HIGH SCHOOL,HS,94,416,422,397,35,93,88,8,7.8,7.5,7.4,1235,7.675000000000001
31R605,STATEN ISLAND TECHNICAL HIGH SCHOOL,HS,227,635,682,636,90,98,99,8.9,8.6,8.4,8.7,1953,8.649999999999999
31R607,YOUNG ADULT BOROUGH CENTER AT STATEN IS TECH HS,YABC,10,405,375,370,3,89,69,8.8,8.8,8.5,8.5,1150,8.65
32K403,ACADEMY FOR ENVIRONMENTAL LEADERSHIP,HS,50,380,366,352,66,96,91,8.2,8.1,7.8,7.8,1098,7.975
32K545,EBC HIGH SCHOOL FOR PUBLIC SERVICEâ€“BUSHWICK,HS,88,384,409,361,48,68,85,8.2,8.1,7.6,8.1,1154,8
32K549,BUSHWICK SCHOOL FOR SOCIAL JUSTICE,HS,75,348,353,334,49,91,84,8.5,8.6,8.1,7.7,1035,8.225000000000001
32K552,ACADEMY OF URBAN PLANNING,HS,67,342,364,354,33,100,69,7.7,7.9,7.2,7.2,1060,7.5
32K554,ALL CITY LEADERSHIP SECONDARY SCHOOL,MS/HS,39,428,465,422,38,86,91,9.3,9.3,8.9,9.3,1315,9.2
32K556,BUSHWICK LEADERS HIGH SCHOOL FOR ACADEMIC EXCELLENCE,HS,23,347,358,350,27,63,68,7.7,7.6,7.2,7.6,1055,7.525
32K564,BUSHWICK COMMUNITY HIGH SCHOOL,HST,24,359,317,358,19,96,57,7.7,7.2,7.2,8,1034,7.525
75Q811,P.S. Q811,D75,32,429,444,433,27,48,91,8.3,8.2,8,8.4,1306,8.225
